tick,agent_a_energy,agent_b_energy,agent_a_hunger,agent_b_hunger,agent_a_fear,agent_b_fear,agent_a_food_eaten,agent_b_food_eaten,agent_a_pathways,agent_b_pathways,distance
100,46.9,128.24,0.046,0.0,0.255,0.253,9,12,17,31,64.82
200,57.5,85.68,0.2,0.0,0.271,0.28,18,21,27,37,59.67
300,9.62,55.19,0.509,0.0,0.366,0.382,30,34,39,62,53.01
400,8.58,51.87,0.629,0.016,0.253,0.255,41,50,52,82,63.89
500,20.5,15.86,0.54,0.466,0.266,0.275,60,62,72,91,60.83
600,94.0,40.0,0.045,0.125,0.117,0.117,73,78,83,100,75.66
700,49.34,56.1,0.202,0.0,0.269,0.271,88,86,90,108,61.72
800,45.55,42.52,0.05,0.13,0.257,0.274,103,93,105,108,62.2
900,50.37,36.34,0.101,0.232,0.346,0.351,126,106,133,115,54.59
1000,21.69,53.5,0.278,0.12,0.379,0.369,144,117,149,117,53.85
1100,49.83,26.5,0.027,0.24,0.319,0.321,165,124,167,120,56.85
1200,31.5,36.49,0.21,0.14,0.179,0.177,173,132,167,122,68.41
1300,23.5,9.5,0.26,0.41,0.215,0.206,190,142,172,126,66.71
1400,10.0,86.5,0.395,0.12,0.191,0.175,200,151,171,129,69.31
1500,76.5,55.5,0.12,0.0,0.135,0.128,206,158,169,131,73.88
1600,46.5,54.0,0.23,0.215,0.142,0.158,214,169,167,132,70.72
1700,65.5,42.0,0.0,0.225,0.192,0.208,231,181,172,137,65.76
1800,57.5,24.5,0.14,0.64,0.133,0.125,242,189,176,137,74.25
1900,28.5,81.5,0.44,0.0,0.131,0.114,248,208,176,148,75.82
2000,1.0,48.5,0.575,0.17,0.2,0.208,256,214,174,148,67.18
2100,64.5,20.5,0.0,0.42,0.293,0.29,273,221,182,147,60.0
2200,58.5,11.5,0.01,0.42,0.158,0.141,284,232,180,153,72.84
2300,44.5,48.0,0.18,0.135,0.335,0.333,294,247,181,159,56.86
2400,42.5,49.5,0.12,0.1,0.124,0.141,305,258,182,158,71.51
2500,35.5,72.39,0.26,0.0,0.231,0.248,317,280,187,174,63.6
2600,98.5,87.0,0.0,0.0,0.083,0.074,323,289,187,175,78.52
2700,95.0,81.0,0.0,0.0,0.099,0.082,336,303,188,174,77.99
2800,7.0,69.5,0.585,0.25,0.183,0.183,351,315,190,173,67.94
2900,73.0,75.0,0.255,0.045,0.179,0.177,374,327,197,178,70.43
3000,47.5,50.0,0.02,0.115,0.192,0.2,383,334,197,179,66.48
3100,14.0,30.5,0.545,0.24,0.242,0.258,388,344,196,179,64.35
3200,97.0,37.5,0.015,0.2,0.188,0.179,399,357,195,177,68.25
3300,74.5,18.86,0.0,0.356,0.274,0.282,409,374,196,186,61.72
3400,46.5,5.36,0.16,0.531,0.215,0.232,416,390,195,196,66.6
3500,24.5,93.0,0.57,0.0,0.174,0.182,424,402,194,199,70.09
3600,15.5,79.0,0.38,0.195,0.167,0.183,437,410,194,198,67.9
3700,9.5,55.0,0.46,0.0,0.22,0.236,448,419,194,198,65.0
3800,94.0,43.0,0.045,0.185,0.163,0.17,456,431,194,199,69.03
3900,26.0,16.94,0.255,0.436,0.375,0.368,470,447,196,200,53.41
4000,24.5,6.0,0.29,0.465,0.278,0.294,481,458,197,198,60.75
4100,94.5,80.5,0.0,0.0,0.175,0.175,497,468,199,198,71.45
4200,88.5,18.5,0.0,0.34,0.208,0.208,508,483,200,200,65.8
4300,44.5,2.5,0.09,0.65,0.321,0.337,522,490,203,201,56.4
4400,97.0,3.0,0.0,0.465,0.115,0.107,536,504,208,200,75.69
4500,69.0,90.0,0.135,0.0,0.132,0.141,543,514,209,201,72.18
4600,29.0,40.0,0.255,0.145,0.383,0.367,557,533,216,204,53.76
4700,81.5,32.0,0.0,0.285,0.271,0.262,570,551,221,209,64.03
4800,67.5,44.5,0.21,0.2,0.186,0.188,579,561,220,209,68.77
4900,79.5,56.5,0.05,0.42,0.155,0.172,593,571,224,211,70.18
5000,62.5,49.0,0.01,0.075,0.2,0.2,604,580,224,212,68.62
5100,30.5,81.5,0.26,0.0,0.098,0.114,610,599,220,214,74.41
5200,17.5,70.5,0.4,0.21,0.158,0.158,622,607,222,214,72.14
5300,35.5,47.5,0.16,0.17,0.319,0.328,647,616,226,213,55.61
5400,5.5,37.5,0.56,0.3,0.431,0.432,659,637,232,217,47.51
5500,92.5,18.5,0.0,0.31,0.2,0.199,673,644,235,218,68.68
5600,73.0,6.5,0.255,0.47,0.177,0.179,681,655,235,218,69.53
5700,39.0,2.5,0.195,0.47,0.308,0.317,695,666,238,217,58.69
5800,33.0,2.5,0.255,0.5,0.208,0.2,708,682,238,220,66.48
5900,15.0,5.0,0.345,0.505,0.191,0.2,720,695,239,221,67.94
6000,2.0,15.5,0.635,0.35,0.183,0.183,728,707,240,223,70.72
6100,100.0,88.5,0.0,0.0,0.0,0.083,738,713,240,224,78.49
6200,46.0,36.5,0.055,0.21,0.366,0.35,756,729,242,227,56.59
6300,60.0,28.5,0.0,0.25,0.366,0.365,772,742,245,233,53.15
6400,58.0,55.0,0.0,0.045,0.255,0.248,787,756,250,234,63.6
6500,98.5,49.0,0.0,0.025,0.149,0.157,799,766,255,238,71.45
6600,97.0,7.0,0.015,0.525,0.183,0.182,813,778,255,246,69.53
6700,79.5,13.5,0.04,0.44,0.175,0.177,825,789,255,248,70.0
6800,19.5,29.5,0.32,0.36,0.313,0.315,836,806,256,255,58.05
6900,30.5,41.5,0.25,0.11,0.331,0.34,847,822,257,257,55.9
7000,24.5,65.5,0.27,0.0,0.217,0.234,864,832,258,256,65.6
7100,18.5,13.5,0.35,0.47,0.414,0.398,885,850,261,259,51.48
7200,23.0,19.5,0.305,0.34,0.302,0.3,898,864,262,265,58.82
7300,88.0,22.0,0.105,0.275,0.125,0.133,903,874,263,266,73.55
7400,100.0,10.0,0.0,0.435,0.0,0.138,920,885,265,267,73.88
7500,80.5,94.0,0.18,0.045,0.1,0.099,930,892,266,267,77.16
7600,73.5,64.0,0.18,0.0,0.114,0.131,940,900,266,267,72.35
7700,39.5,20.0,0.26,0.295,0.292,0.291,957,918,269,267,59.46
7800,33.5,19.0,0.29,0.395,0.4,0.383,973,928,273,269,52.4
7900,48.5,33.0,0.08,0.185,0.378,0.368,987,941,278,270,54.13
8000,36.5,12.0,0.16,0.395,0.452,0.446,998,950,280,271,47.54
8100,116.5,42.0,0.0,0.235,0.408,0.42,1014,965,287,271,48.27
8200,34.5,10.0,0.18,0.545,0.409,0.42,1020,977,285,277,49.77
8300,12.5,24.0,0.57,0.285,0.441,0.458,1031,991,286,282,45.97
8400,31.5,16.0,0.2,0.465,0.295,0.297,1048,1007,288,285,60.31
8500,89.5,76.0,0.09,0.0,0.15,0.133,1068,1017,289,284,72.86
8600,17.5,34.0,0.32,0.255,0.229,0.245,1083,1035,291,288,65.44
8700,38.5,22.5,0.23,0.27,0.142,0.15,1094,1043,291,288,70.71
8800,33.0,10.5,0.255,0.55,0.302,0.309,1104,1054,290,290,57.2
8900,71.5,15.5,0.0,0.34,0.255,0.248,1121,1068,289,290,63.6
9000,31.5,27.5,0.25,0.29,0.382,0.366,1133,1092,290,295,52.43
9100,19.5,9.5,0.33,0.5,0.366,0.372,1148,1102,291,297,51.87
9200,32.5,49.5,0.26,0.0,0.354,0.361,1160,1120,290,301,55.0
9300,50.5,67.5,0.29,0.0,0.17,0.16,1180,1131,291,301,71.85
9400,82.5,21.5,0.0,0.33,0.314,0.304,1199,1148,296,303,59.36
9500,26.5,26.5,0.31,0.37,0.283,0.266,1207,1159,295,304,62.37
9600,40.5,11.0,0.21,0.555,0.146,0.129,1222,1169,302,304,72.47
9700,78.5,30.0,0.0,0.215,0.107,0.124,1234,1182,303,304,74.28
9800,22.5,42.0,0.27,0.095,0.348,0.331,1255,1201,306,308,56.85
9900,86.5,2.0,0.12,0.575,0.177,0.168,1273,1212,307,310,69.2
10000,0.5,91.5,0.58,0.0,0.174,0.175,1282,1222,308,310,69.35
10100,77.5,74.5,0.21,0.0,0.082,0.091,1288,1232,308,311,75.74
10200,11.5,81.0,0.41,0.025,0.269,0.262,1303,1241,308,309,62.8
10300,14.0,43.0,0.425,0.065,0.349,0.34,1312,1260,308,309,56.73
10400,26.5,9.0,0.26,0.445,0.212,0.214,1324,1277,308,312,66.84
10500,48.5,16.0,0.02,0.375,0.336,0.34,1342,1287,310,313,56.3
10600,50.5,15.0,0.01,0.425,0.382,0.365,1353,1299,312,313,54.38
10700,80.5,90.0,0.0,0.0,0.05,0.058,1367,1311,313,314,79.93
10800,71.5,26.0,0.0,0.365,0.274,0.281,1377,1332,312,309,60.22
10900,59.5,14.0,0.0,0.405,0.271,0.264,1388,1346,312,311,62.37
11000,66.0,2.0,0.245,0.515,0.163,0.179,1399,1361,313,315,68.25
11100,66.5,90.0,0.05,0.0,0.172,0.155,1412,1374,313,317,71.84
11200,30.5,34.0,0.19,0.235,0.32,0.304,1428,1390,314,319,60.37
11300,46.5,26.0,0.06,0.235,0.273,0.257,1445,1399,317,320,64.41
11400,46.5,94.5,0.04,0.0,0.248,0.241,1464,1416,321,322,64.54
11500,20.5,98.5,0.36,0.0,0.208,0.208,1484,1424,323,321,67.9
11600,16.5,16.5,0.48,0.33,0.313,0.33,1497,1438,324,323,56.73
11700,35.0,19.5,0.145,0.43,0.233,0.232,1509,1447,324,322,65.3
11800,21.0,31.5,0.345,0.18,0.25,0.266,1518,1465,324,323,63.13
11900,42.5,34.0,0.15,0.165,0.227,0.229,1536,1478,324,324,66.84
12000,27.5,12.5,0.23,0.53,0.129,0.131,1544,1485,324,323,73.0
12100,83.5,9.5,0.15,0.43,0.223,0.221,1561,1497,326,323,64.66
12200,72.0,82.5,0.025,0.0,0.242,0.241,1567,1507,326,323,64.44
12300,16.0,40.5,0.395,0.12,0.29,0.287,1581,1529,327,323,60.22
12400,46.0,53.0,0.345,0.285,0.26,0.25,1595,1542,329,323,64.01
12500,18.0,42.0,0.395,0.115,0.229,0.235,1606,1552,332,322,64.64
12600,35.0,32.0,0.155,0.275,0.345,0.342,1620,1566,332,324,54.41
12700,31.0,100.0,0.225,0.0,0.247,0.0,1632,1574,332,324,70.84
12800,18.0,8.0,0.335,0.435,0.266,0.267,1639,1589,330,324,61.52
12900,19.0,15.0,0.405,0.375,0.281,0.283,1649,1605,330,323,59.41
13000,47.5,11.5,0.08,0.4,0.3,0.299,1668,1613,331,324,58.05
13100,32.0,8.0,0.215,0.475,0.238,0.235,1676,1625,330,324,64.64
13200,20.0,84.0,0.295,0.0,0.183,0.2,1699,1646,332,325,67.9
13300,20.5,78.5,0.33,0.0,0.256,0.273,1709,1655,332,323,61.07
13400,14.5,67.0,0.35,0.0,0.208,0.192,1719,1666,333,324,68.62
13500,3.0,15.0,0.525,0.385,0.284,0.268,1731,1683,333,324,60.75
13600,21.0,62.0,0.335,0.0,0.275,0.291,1746,1697,333,322,60.11
13700,72.0,70.0,0.045,0.0,0.15,0.142,1757,1708,333,322,71.42
100,65.06,43.8,0.0,0.257,0.133,0.125,10,6,21,9,74.25
200,47.24,58.4,0.053,0.111,0.208,0.225,22,14,49,19,65.6
300,10.9,79.0,0.406,0.195,0.214,0.23,36,23,63,29,65.19
400,95.0,63.5,0.075,0.09,0.115,0.123,44,33,67,38,75.07
500,65.5,32.0,0.33,0.205,0.125,0.133,53,41,72,39,74.25
600,30.5,35.2,0.56,0.203,0.15,0.158,59,51,70,42,72.12
700,12.5,51.52,0.64,0.0,0.206,0.198,70,64,74,49,67.27
800,97.0,60.0,0.015,0.175,0.174,0.166,84,74,79,52,72.18
900,61.0,100.0,0.065,0.0,0.067,0.058,90,90,80,62,79.21
1000,25.5,65.5,0.4,0.18,0.075,0.083,96,96,79,62,79.25
1100,35.08,6.48,0.264,0.6,0.205,0.206,108,114,83,77,68.01
1200,2.5,12.77,0.73,0.547,0.179,0.172,113,122,79,80,70.18
1300,92.0,4.5,0.0,0.48,0.132,0.149,124,137,82,89,73.0
1400,64.0,3.04,0.345,0.475,0.15,0.15,132,148,84,92,70.71
1500,70.87,30.82,0.0,0.187,0.258,0.274,153,164,97,97,61.29
1600,55.0,19.5,0.085,0.3,0.141,0.149,164,178,98,103,72.92
1700,11.04,97.0,0.475,0.015,0.2,0.191,178,183,105,101,70.04
1800,86.5,63.5,0.12,0.31,0.166,0.183,187,190,100,102,68.62
1900,54.5,53.5,0.22,0.01,0.1,0.117,193,201,101,102,74.25
2000,80.5,51.0,0.0,0.345,0.179,0.186,214,215,109,105,69.81
2100,10.59,20.0,0.429,0.395,0.264,0.262,228,222,113,107,64.03
2200,88.5,56.06,0.0,0.0,0.3,0.302,236,237,115,114,59.03
2300,66.5,39.0,0.01,0.465,0.233,0.233,244,247,117,117,64.38
2400,39.5,23.5,0.32,0.28,0.205,0.188,253,255,119,118,68.25
2500,91.0,13.5,0.075,0.37,0.191,0.182,266,265,126,118,68.01
2600,11.0,67.5,0.405,0.0,0.382,0.377,282,281,128,125,53.34
2700,45.5,44.5,0.08,0.13,0.177,0.17,296,288,136,125,69.81
2800,24.5,33.0,0.38,0.205,0.258,0.242,305,297,134,128,65.76
2900,6.5,88.5,0.45,0.12,0.257,0.267,316,310,134,136,62.8
3000,83.0,8.5,0.055,0.44,0.201,0.217,330,325,140,135,67.01
3100,55.0,9.0,0.025,0.485,0.299,0.309,336,333,139,134,59.94
3200,3.28,7.0,0.532,0.485,0.313,0.329,347,344,143,137,57.45
3300,32.5,84.5,0.37,0.0,0.099,0.108,362,352,149,135,77.1
3400,24.5,61.0,0.3,0.065,0.208,0.208,376,360,150,137,66.47
3500,12.5,45.0,0.43,0.385,0.113,0.114,387,372,149,135,75.29
3600,99.5,19.0,0.0,0.385,0.183,0.191,397,381,147,136,69.31
3700,33.5,99.0,0.17,0.015,0.198,0.191,411,392,150,137,67.27
3800,1.5,7.0,0.79,0.435,0.308,0.316,417,408,150,141,59.41
3900,1.5,47.5,0.57,0.28,0.253,0.25,432,422,149,143,62.8
4000,21.5,18.0,0.31,0.415,0.221,0.223,444,429,154,143,64.54
4100,19.24,4.0,0.523,0.565,0.35,0.35,460,441,165,145,55.17
4200,12.35,100.0,0.421,0.0,0.275,0.0,475,452,174,146,68.01
4300,45.0,63.0,0.045,0.295,0.192,0.175,486,458,175,146,68.59
4400,65.5,59.0,0.0,0.015,0.174,0.173,499,468,177,144,70.84
4500,72.0,45.0,0.0,0.045,0.092,0.083,511,480,178,144,77.08
100,39.28,59.34,0.132,0.012,0.125,0.133,8,7,20,9,73.55
200,78.88,38.77,0.0,0.207,0.233,0.224,19,17,31,30,65.95
300,54.5,100.0,0.16,0.0,0.292,0.0,33,31,49,45,67.18
400,73.5,94.0,0.1,0.045,0.1,0.091,44,38,55,46,77.16
500,33.21,60.72,0.243,0.0,0.299,0.288,60,57,70,83,59.46
600,34.91,33.16,0.166,0.253,0.345,0.339,80,70,88,95,54.71
700,9.0,29.5,0.475,0.27,0.225,0.208,90,85,93,101,66.53
800,11.5,2.0,0.41,0.515,0.201,0.192,105,94,99,102,70.0
900,89.0,52.63,0.0,0.0,0.115,0.099,114,114,98,113,77.9
1000,1.0,29.5,0.485,0.27,0.216,0.208,132,120,105,113,67.18
1100,57.5,29.5,0.18,0.32,0.124,0.141,135,131,106,120,71.51
1200,27.5,2.5,0.35,0.56,0.133,0.15,143,141,105,120,71.42
1300,3.5,25.53,0.57,0.28,0.319,0.309,155,159,110,130,59.2
1400,83.0,62.5,0.0,0.06,0.129,0.138,167,174,115,141,72.47
1500,55.5,67.0,0.0,0.0,0.124,0.132,177,188,116,148,75.07
1600,19.5,40.0,0.6,0.125,0.09,0.091,183,196,115,149,77.83
1700,83.5,11.0,0.15,0.465,0.123,0.115,188,203,106,146,75.01
1800,21.45,17.0,0.4,0.395,0.258,0.266,203,218,116,149,62.24
1900,94.0,96.0,0.045,0.0,0.149,0.157,217,230,126,150,71.59
2000,67.0,66.0,0.0,0.145,0.133,0.135,226,239,128,147,73.25
2100,43.0,38.0,0.125,0.125,0.183,0.183,236,248,130,147,67.94
2200,26.0,11.0,0.325,0.385,0.212,0.215,246,255,132,148,67.2
2300,100.0,52.0,0.0,0.005,0.0,0.266,255,273,131,158,63.66
2400,28.0,23.0,0.405,0.265,0.333,0.342,270,281,133,161,56.61
2500,18.5,12.0,0.33,0.425,0.275,0.266,280,291,133,164,62.24
2600,18.5,82.5,0.48,0.0,0.183,0.199,292,299,133,164,68.01
2700,23.5,12.5,0.49,0.41,0.256,0.255,302,313,138,169,63.41
2800,84.5,100.0,0.0,0.0,0.142,0.0,320,323,146,167,75.66
2900,63.0,80.0,0.235,0.0,0.091,0.1,329,333,149,168,74.97
3000,77.5,48.0,0.21,0.175,0.156,0.147,345,340,150,170,73.0
3100,51.0,16.79,0.155,0.407,0.19,0.181,353,357,150,176,69.43
3200,85.0,51.3,0.0,0.082,0.28,0.279,372,380,153,190,62.63
3300,18.82,31.3,0.537,0.182,0.333,0.323,384,397,158,191,57.14
3400,94.0,17.5,0.0,0.33,0.196,0.188,399,407,166,191,70.29
3500,68.0,38.38,0.0,0.151,0.23,0.223,410,422,166,204,66.07
3600,44.0,13.0,0.095,0.375,0.17,0.163,418,433,170,206,69.63
3700,12.5,19.5,0.54,0.39,0.183,0.183,426,447,170,205,70.04
3800,92.5,46.0,0.06,0.115,0.261,0.258,435,462,167,209,64.35
3900,26.5,76.0,0.29,0.225,0.167,0.173,453,473,172,209,70.72
4000,6.5,58.0,0.45,0.405,0.234,0.227,470,481,178,210,64.2
4100,1.47,40.0,0.54,0.335,0.314,0.316,485,489,184,211,56.61
4200,3.5,52.0,0.54,0.0,0.253,0.245,499,503,186,211,62.63
4300,10.5,40.0,0.47,0.115,0.353,0.349,512,514,186,210,55.57
4400,84.0,6.0,0.0,0.515,0.191,0.175,527,528,193,212,70.72
4500,86.5,30.5,0.12,0.45,0.099,0.098,538,544,195,213,75.82
4600,67.0,85.0,0.315,0.0,0.131,0.147,548,562,196,219,72.47
4700,50.0,69.0,0.215,0.165,0.131,0.147,555,572,194,219,70.94
4800,29.0,73.0,0.245,0.255,0.151,0.161,563,582,195,218,71.06
4900,21.0,45.0,0.355,0.325,0.179,0.188,583,589,200,215,69.53
5000,11.0,26.0,0.405,0.315,0.228,0.212,597,600,201,217,66.04
5100,43.5,24.0,0.15,0.305,0.309,0.32,609,615,204,224,59.03
5200,11.5,28.0,0.39,0.315,0.238,0.231,622,629,207,226,65.8
5300,12.0,17.0,0.405,0.355,0.265,0.264,634,637,207,226,63.13
5400,6.87,10.0,0.456,0.395,0.251,0.258,649,646,213,227,64.35
5500,45.5,4.5,0.11,0.54,0.25,0.249,664,657,215,230,64.44
5600,19.2,24.5,0.363,0.35,0.286,0.283,683,679,219,232,60.22
5700,74.0,6.5,0.0,0.43,0.165,0.166,698,686,223,232,70.84
5800,94.0,10.5,0.0,0.42,0.414,0.424,717,697,233,232,50.25
5900,100.0,24.5,0.0,0.4,0.0,0.278,724,715,234,240,62.68
6000,86.5,28.5,0.12,0.24,0.215,0.231,736,732,232,240,66.61
6100,38.5,29.5,0.11,0.22,0.316,0.308,751,744,234,239,59.46
6200,28.5,40.5,0.24,0.1,0.333,0.325,765,755,238,240,55.87
6300,92.5,8.5,0.06,0.42,0.229,0.235,777,770,239,243,64.64
6400,24.5,91.0,0.34,0.075,0.231,0.215,792,777,241,244,68.01
6500,26.5,78.0,0.37,0.0,0.242,0.258,805,791,243,244,64.35
6600,16.5,54.5,0.4,0.16,0.312,0.295,817,800,247,246,61.22
6700,34.5,43.5,0.16,0.21,0.448,0.431,832,812,253,246,48.17
6800,10.5,21.5,0.42,0.38,0.209,0.212,845,820,258,245,66.03
6900,8.5,14.0,0.46,0.475,0.196,0.212,854,831,258,246,68.24
7000,23.0,50.0,0.275,0.055,0.248,0.264,867,851,259,253,62.2
7100,30.0,24.0,0.225,0.335,0.271,0.255,878,865,259,258,63.13
7200,28.0,22.0,0.225,0.305,0.225,0.235,893,873,259,258,65.19
7300,6.0,24.0,0.565,0.305,0.227,0.229,901,883,259,259,65.3
7400,34.0,68.5,0.315,0.06,0.312,0.328,916,897,259,259,56.85
7500,50.0,38.5,0.105,0.2,0.381,0.39,933,915,262,262,53.15
7600,69.0,79.0,0.325,0.0,0.108,0.1,946,929,262,264,77.78
7700,100.0,71.5,0.0,0.0,0.0,0.075,959,941,262,262,77.08
7800,91.0,41.5,0.075,0.09,0.271,0.288,969,959,264,265,59.03
7900,11.0,67.5,0.425,0.0,0.324,0.307,981,972,264,266,57.38
8000,81.5,62.0,0.0,0.0,0.227,0.243,998,980,265,266,62.8
8100,80.5,22.0,0.0,0.345,0.274,0.266,1006,990,265,268,63.7
8200,2.5,46.0,0.59,0.075,0.366,0.382,1021,1005,265,274,52.2
8300,9.0,38.5,0.485,0.21,0.231,0.238,1031,1015,266,274,64.4
8400,29.0,18.5,0.215,0.34,0.466,0.45,1051,1025,274,274,47.01
8500,81.0,29.5,0.0,0.27,0.282,0.293,1068,1038,281,274,61.4
8600,37.0,26.5,0.195,0.52,0.269,0.271,1080,1044,284,274,62.63
8700,21.5,98.5,0.38,0.0,0.067,0.083,1090,1060,284,274,77.1
8800,7.5,6.5,0.48,0.58,0.299,0.298,1111,1074,286,275,58.14
8900,14.0,7.5,0.425,0.48,0.279,0.276,1120,1087,286,275,61.22
9000,14.0,5.5,0.445,0.71,0.339,0.34,1133,1107,286,278,54.56
9100,36.0,62.5,0.285,0.08,0.2,0.2,1141,1121,285,279,67.94
9200,35.0,57.0,0.245,0.0,0.208,0.216,1152,1135,285,280,66.53
9300,26.0,37.0,0.235,0.295,0.458,0.442,1161,1149,284,282,45.97
9400,21.0,31.5,0.365,0.21,0.241,0.257,1168,1159,285,282,63.13
9500,32.0,95.5,0.365,0.03,0.132,0.14,1178,1172,284,283,73.11
9600,46.0,41.5,0.195,0.09,0.499,0.483,1196,1190,289,284,43.57
9700,74.0,27.5,0.0,0.27,0.317,0.308,1209,1203,293,288,58.73
9800,70.5,47.5,0.01,0.06,0.322,0.331,1222,1217,294,292,58.14
9900,46.0,29.5,0.145,0.29,0.283,0.291,1231,1225,294,297,60.21
10000,48.0,25.5,0.055,0.27,0.381,0.398,1260,1237,296,299,49.68
10100,32.0,45.5,0.195,0.08,0.241,0.257,1275,1255,298,300,62.65
10200,30.0,45.5,0.295,0.24,0.32,0.336,1286,1275,300,302,56.86
10300,22.0,93.5,0.425,0.0,0.275,0.283,1305,1284,301,302,60.88
10400,42.0,19.5,0.095,0.43,0.206,0.197,1319,1296,304,305,68.25
10500,36.0,52.5,0.185,0.0,0.157,0.174,1331,1312,304,306,70.04
10600,4.0,4.5,0.545,0.51,0.368,0.371,1344,1331,305,307,54.82
10700,17.0,26.5,0.355,0.31,0.368,0.366,1360,1351,306,308,54.08
10800,36.0,36.5,0.135,0.2,0.3,0.3,1369,1371,307,311,60.11
10900,34.0,47.0,0.155,0.075,0.303,0.307,1388,1380,310,312,59.36
11000,43.0,55.5,0.255,0.0,0.1,0.1,1401,1397,310,313,74.97
11100,45.5,30.0,0.07,0.595,0.275,0.291,1416,1405,311,313,58.73
11200,35.5,30.0,0.16,0.485,0.349,0.348,1436,1422,310,317,55.23
11300,45.5,42.0,0.1,0.125,0.232,0.233,1450,1433,310,318,65.86
11400,24.5,16.0,0.26,0.385,0.358,0.349,1469,1446,313,319,55.32
11500,29.0,80.5,0.315,0.18,0.142,0.133,1476,1458,313,320,74.97
11600,39.0,82.5,0.245,0.0,0.124,0.115,1488,1468,313,320,73.66
11700,83.0,12.5,0.0,0.43,0.235,0.229,1505,1483,314,320,65.22
11800,85.0,84.5,0.0,0.0,0.303,0.298,1516,1505,314,324,60.03
11900,45.0,38.5,0.075,0.13,0.44,0.424,1528,1515,315,326,47.54
12000,27.0,92.5,0.305,0.0,0.378,0.362,1540,1529,317,331,52.8
12100,35.0,18.5,0.155,0.44,0.346,0.341,1556,1534,324,331,56.8
12200,59.5,46.5,0.03,0.11,0.375,0.385,1570,1550,325,334,51.31
12300,91.5,54.5,0.0,0.0,0.105,0.122,1580,1562,325,334,73.88
12400,64.5,92.5,0.22,0.06,0.083,0.091,1588,1577,325,335,75.74
12500,79.5,24.5,0.0,0.25,0.398,0.396,1599,1596,324,335,51.09
12600,105.5,48.5,0.0,0.05,0.389,0.392,1622,1620,328,336,50.8
12700,37.5,47.0,0.22,0.155,0.342,0.359,1633,1631,328,336,53.01
12800,21.5,31.0,0.28,0.415,0.269,0.279,1645,1639,328,336,62.63
12900,37.5,94.0,0.27,0.045,0.299,0.3,1660,1656,331,336,58.0
13000,69.5,92.0,0.26,0.0,0.117,0.125,1669,1671,331,336,73.54
13100,25.5,26.0,0.29,0.275,0.238,0.222,1694,1682,331,334,67.42
13200,37.5,40.0,0.17,0.105,0.389,0.405,1704,1694,331,333,51.22
13300,13.5,26.0,0.42,0.245,0.358,0.357,1720,1709,333,336,54.49
13400,1.5,22.0,0.53,0.355,0.312,0.309,1728,1728,332,338,58.82
13500,5.5,4.0,0.5,0.535,0.357,0.34,1738,1742,332,339,54.56
13600,16.5,64.0,0.48,0.0,0.392,0.375,1753,1756,331,346,53.25
13700,38.5,4.0,0.12,0.575,0.205,0.212,1766,1773,331,346,66.57
13800,56.5,30.0,0.14,0.375,0.25,0.258,1778,1788,331,347,61.52
13900,97.0,22.0,0.015,0.375,0.14,0.147,1792,1802,332,347,70.94
14000,47.0,8.0,0.025,0.475,0.225,0.209,1808,1822,334,347,67.42
14100,31.0,22.0,0.435,0.315,0.372,0.371,1817,1850,336,350,53.6
14200,33.0,100.0,0.315,0.0,0.223,0.0,1829,1867,336,350,72.14
14300,26.0,85.0,0.345,0.135,0.191,0.175,1839,1873,336,350,68.62
14400,26.0,7.0,0.295,0.525,0.283,0.29,1849,1884,335,350,61.62
14500,87.0,96.0,0.0,0.045,0.075,0.083,1870,1893,335,350,77.9
14600,11.0,82.5,0.425,0.02,0.258,0.275,1883,1899,336,350,62.97
14700,39.5,93.0,0.1,0.0,0.12,0.122,1895,1910,338,349,73.11
14800,33.5,1.0,0.17,0.485,0.283,0.299,1907,1918,338,349,58.05
14900,23.5,25.5,0.29,0.25,0.184,0.175,1914,1933,337,349,71.4
15000,29.5,29.5,0.31,0.44,0.268,0.264,1931,1947,339,351,63.29
15100,41.5,27.5,0.19,0.38,0.297,0.28,1948,1956,341,351,60.75
15200,43.5,75.5,0.06,0.0,0.392,0.382,1959,1975,342,358,51.04
15300,51.5,43.5,0.11,0.22,0.523,0.539,1975,1989,345,360,40.5
15400,43.5,19.5,0.11,0.32,0.474,0.49,1986,2000,345,361,41.88
15500,27.5,46.5,0.28,0.05,0.34,0.356,2004,2011,346,360,54.41
15600,53.5,34.5,0.12,0.22,0.351,0.357,2017,2028,350,362,55.95
15700,25.5,40.5,0.25,0.09,0.313,0.317,2035,2040,353,361,57.69
15800,17.5,26.5,0.39,0.31,0.253,0.245,2046,2058,353,363,65.44
15900,50.0,89.5,0.0,0.0,0.291,0.292,2064,2070,353,364,58.69
16000,10.0,7.5,0.435,0.42,0.192,0.208,2077,2082,354,365,65.76
16100,16.0,2.5,0.435,0.53,0.316,0.333,2091,2090,354,367,56.59
16200,66.5,34.5,0.0,0.17,0.262,0.253,2103,2110,356,369,64.82
16300,18.5,32.5,0.39,0.2,0.401,0.404,2116,2128,358,369,50.8
16400,28.5,6.5,0.29,0.56,0.408,0.392,2136,2145,358,371,50.22
16500,40.5,90.5,0.12,0.0,0.123,0.131,2147,2157,359,371,74.52
16600,14.5,67.5,0.39,0.19,0.249,0.248,2171,2166,361,371,62.37
16700,23.0,73.5,0.285,0.0,0.317,0.316,2184,2189,362,371,56.59
16800,21.0,81.5,0.475,0.0,0.341,0.325,2195,2209,362,371,58.73
16900,73.0,39.5,0.0,0.1,0.407,0.405,2216,2219,365,372,51.86
17000,25.0,29.5,0.295,0.21,0.392,0.389,2227,2234,365,372,52.43
17100,97.5,58.0,0.0,0.0,0.115,0.107,2239,2248,364,372,75.69
17200,35.5,59.0,0.22,0.065,0.297,0.294,2256,2254,364,372,60.75
17300,39.5,93.5,0.1,0.0,0.308,0.291,2275,2265,365,373,59.46
17400,46.0,19.5,0.065,0.31,0.3,0.316,2293,2286,366,374,58.69
17500,42.5,17.5,0.19,0.46,0.3,0.292,2302,2303,366,375,60.14
17600,44.5,90.0,0.1,0.0,0.183,0.183,2313,2317,366,375,67.88
17700,37.0,84.0,0.125,0.0,0.241,0.258,2322,2326,366,375,64.38
17800,21.0,20.0,0.345,0.535,0.383,0.382,2341,2340,368,376,53.15
17900,29.0,34.0,0.235,0.255,0.388,0.404,2358,2359,371,375,49.24
18000,47.0,92.0,0.035,0.0,0.356,0.34,2374,2372,372,376,55.8
18100,24.0,20.0,0.325,0.365,0.28,0.264,2384,2383,372,377,62.77
18200,62.0,34.0,0.0,0.175,0.387,0.376,2402,2393,373,377,54.23
18300,16.0,72.5,0.345,0.11,0.212,0.222,2411,2404,373,378,65.51
18400,14.0,51.0,0.385,0.115,0.265,0.274,2427,2414,375,378,61.55
18500,18.0,29.0,0.325,0.225,0.316,0.325,2439,2434,375,380,57.28
18600,40.0,39.0,0.115,0.125,0.316,0.317,2453,2458,376,381,56.57
18700,36.0,49.0,0.215,0.225,0.308,0.308,2461,2479,377,381,60.11
18800,67.0,31.0,0.115,0.205,0.242,0.233,2472,2495,377,382,66.47
18900,41.0,39.0,0.275,0.225,0.434,0.431,2498,2511,377,382,48.55
19000,21.0,21.0,0.345,0.285,0.298,0.294,2518,2530,379,383,58.59
19100,73.0,8.0,0.0,0.465,0.292,0.308,2534,2537,380,382,60.11
19200,23.0,16.5,0.275,0.45,0.314,0.316,2546,2543,379,382,59.41
19300,29.0,22.5,0.385,0.42,0.293,0.288,2555,2556,380,382,61.77
19400,88.0,23.5,0.105,0.61,0.225,0.233,2569,2563,378,382,66.47
19500,16.0,72.0,0.385,0.175,0.172,0.179,2586,2578,379,383,69.81
19600,40.5,96.5,0.11,0.0,0.215,0.198,2601,2590,380,383,69.43
19700,18.5,86.5,0.31,0.12,0.245,0.262,2617,2599,380,383,63.25
19800,101.0,77.5,0.0,0.0,0.303,0.307,2638,2607,386,383,60.21
19900,9.0,51.5,0.455,0.0,0.304,0.288,2646,2629,385,385,59.06
20000,18.5,29.5,0.44,0.24,0.302,0.286,2660,2644,385,386,59.2
20100,94.5,39.5,0.0,0.12,0.175,0.158,2685,2655,386,385,70.01
20200,4.5,9.5,0.48,0.52,0.256,0.26,2695,2679,385,387,62.43
20300,10.5,6.0,0.54,0.555,0.312,0.295,2704,2693,386,388,59.2
20400,11.5,104.0,0.41,0.0,0.165,0.173,2717,2705,386,387,70.29
20500,17.5,20.0,0.34,0.395,0.155,0.164,2726,2716,386,386,69.53
20600,19.5,86.5,0.51,0.12,0.15,0.158,2733,2732,386,386,71.45
20700,21.5,80.5,0.31,0.0,0.151,0.168,2744,2740,386,385,70.43
20800,43.5,36.5,0.16,0.26,0.373,0.377,2765,2758,387,385,51.48
20900,17.5,34.5,0.4,0.17,0.444,0.446,2779,2773,387,387,46.23
21000,23.5,28.5,0.27,0.25,0.3,0.309,2803,2799,387,387,58.01
21100,39.5,32.5,0.14,0.22,0.249,0.248,2814,2814,388,388,63.7
21200,60.0,34.5,0.295,0.17,0.205,0.203,2828,2834,388,393,66.22
21300,42.5,18.5,0.12,0.32,0.352,0.349,2837,2844,388,395,53.82
21400,40.5,98.5,0.09,0.0,0.242,0.233,2857,2861,389,397,63.64
21500,16.5,82.5,0.37,0.01,0.288,0.304,2872,2873,389,397,58.41
21600,21.0,14.5,0.355,0.36,0.239,0.223,2885,2895,389,397,65.3
21700,33.0,25.0,0.205,0.365,0.307,0.298,2901,2904,390,398,59.67
21800,35.0,35.0,0.155,0.215,0.368,0.373,2929,2924,390,398,52.84
21900,33.0,73.0,0.175,0.0,0.468,0.457,2942,2941,390,400,45.18
22000,17.0,61.0,0.355,0.075,0.28,0.276,2957,2952,390,400,62.27
22100,29.0,73.0,0.225,0.0,0.47,0.453,2972,2967,390,401,47.8
22200,95.5,78.0,0.03,0.0,0.108,0.108,2981,2976,389,402,74.28
22300,9.5,100.0,0.52,0.0,0.266,0.0,2993,2989,391,402,71.59
22400,64.0,8.0,0.0,0.475,0.153,0.146,3012,2998,393,402,73.11
22500,8.0,34.0,0.485,0.175,0.307,0.324,3027,3014,393,404,58.8
22600,38.0,36.0,0.145,0.135,0.408,0.404,3057,3034,393,406,51.11
22700,22.0,34.0,0.295,0.275,0.516,0.525,3072,3054,397,406,40.31
22800,36.0,64.0,0.175,0.0,0.517,0.5,3094,3068,399,411,41.01
22900,16.0,122.0,0.475,0.0,0.583,0.583,3111,3082,399,419,35.38
23000,10.0,26.0,0.475,0.315,0.292,0.292,3126,3094,399,420,61.52
23100,2.0,24.0,0.575,0.255,0.458,0.442,3147,3113,399,422,45.97
23200,26.0,72.0,0.245,0.0,0.42,0.411,3161,3126,398,425,50.22
23300,61.0,24.0,0.195,0.255,0.317,0.308,3173,3141,399,426,59.4
23400,45.0,46.5,0.405,0.13,0.275,0.292,3180,3152,399,426,58.69
23500,13.0,50.5,0.515,0.27,0.362,0.346,3205,3171,399,425,54.59
23600,97.0,2.5,0.0,0.48,0.147,0.164,3219,3183,402,425,71.06
23700,84.0,100.0,0.0,0.0,0.208,0.0,3232,3194,402,425,68.59
23800,78.5,38.0,0.0,0.225,0.271,0.278,3242,3210,402,425,59.91
23900,87.0,100.0,0.0,0.0,0.212,0.0,3251,3221,403,427,77.1
24000,19.0,76.5,0.305,0.01,0.168,0.17,3262,3228,403,427,70.29
24100,25.0,8.5,0.325,0.46,0.304,0.321,3288,3239,404,429,56.22
24200,39.0,58.5,0.255,0.0,0.304,0.299,3304,3253,409,430,59.93
24300,22.0,6.5,0.285,0.55,0.294,0.31,3316,3267,411,430,59.91
24400,20.0,44.5,0.335,0.06,0.366,0.368,3335,3282,411,430,52.2
24500,54.0,18.5,0.0,0.37,0.208,0.21,3354,3298,412,430,65.6
24600,22.0,30.5,0.275,0.27,0.234,0.236,3367,3314,414,432,66.22
24700,35.0,22.5,0.345,0.32,0.2,0.183,3374,3340,412,432,67.88
24800,77.0,8.5,0.0,0.59,0.347,0.348,3388,3357,412,435,53.91
24900,21.0,14.5,0.315,0.46,0.313,0.312,3403,3371,412,437,57.63
25000,95.0,16.5,0.0,0.34,0.209,0.215,3423,3383,412,438,66.29
25100,37.0,42.5,0.285,0.09,0.363,0.359,3435,3395,412,437,54.08
25200,65.0,55.5,0.0,0.0,0.356,0.34,3457,3405,414,436,56.61
25300,43.0,65.5,0.115,0.0,0.478,0.483,3474,3429,417,439,44.78
25400,15.0,47.5,0.395,0.04,0.388,0.373,3488,3449,416,438,51.89
25500,71.0,60.0,0.0,0.0,0.317,0.323,3505,3462,420,439,57.8
25600,46.0,61.0,0.255,0.0,0.352,0.349,3516,3475,427,439,55.47
25700,86.0,29.0,0.0,0.485,0.221,0.212,3531,3491,425,439,67.62
25800,44.0,15.0,0.135,0.465,0.289,0.306,3556,3505,426,440,59.03
25900,89.0,15.0,0.0,0.355,0.283,0.291,3572,3516,426,441,61.55
26000,19.0,33.0,0.325,0.375,0.236,0.234,3584,3529,427,441,63.6
26100,33.0,31.5,0.165,0.35,0.358,0.349,3615,3539,428,441,55.97
26200,37.5,27.5,0.17,0.22,0.356,0.372,3633,3562,428,441,54.63
26300,39.5,85.5,0.11,0.0,0.573,0.557,3652,3582,428,445,37.12
26400,29.5,43.5,0.3,0.1,0.526,0.51,3666,3598,431,446,40.71
26500,63.5,37.5,0.02,0.51,0.315,0.306,3679,3613,432,447,58.8
26600,25.5,21.5,0.26,0.31,0.393,0.404,3698,3626,435,448,51.0
26700,5.5,33.5,0.48,0.22,0.388,0.392,3712,3639,436,449,51.31
26800,4.5,51.5,0.56,0.14,0.315,0.298,3721,3663,437,449,59.67
26900,17.0,21.5,0.385,0.33,0.42,0.437,3734,3677,437,450,49.2
100,46.49,47.81,0.15,0.233,0.197,0.198,10,7,13,13,68.77
